"id","products","total","discountedTotal","userId","totalProducts","totalQuantity"
"1","[{""id"": 168, ""title"": ""Charger SXT RWD"", ""price"": 32999.99, ""quantity"": 3, ""total"": 98999.97, ""discountPercentage"": 13.39, ""discountedTotal"": 85743.87, ""thumbnail"": ""https://cdn.dummyjson.com/products/images/vehicle/Charger%20SXT%20RWD/thumbnail.png""}, {""id"": 78, ""title"": ""Apple MacBook Pro 14 Inch Space Grey"", ""price"": 1999.99, ""quantity"": 2, ""total"": 3999.98, ""discountPercentage"": 18.52, ""discountedTotal"": 3259.18, ""thumbnail"": ""https://cdn.dummyjson.com/products/images/laptops/Apple%20MacBook%20Pro%2014%20Inch%20Space%20Grey/thumbnail.png""}, {""id"": 183, ""title"": ""Green Oval Earring"", ""price"": 24.99, ""quantity"": 5, ""total"": 124.94999999999999, ""discountPercentage"": 6.28, ""discountedTotal"": 117.1, ""thumbnail"": ""https://cdn.dummyjson.com/products/images/womens-jewellery/Green%20Oval%20Earring/thumbnail.png""}, {""id"": 100, ""title"": ""Apple Airpods"", ""price"": 129.99, ""quantity"": 5, ""total"": 649.95, ""discountPercentage"": 12.84, ""discountedTotal"": 566.5, ""thumbnail"": ""https://cdn.dummyjson.com/products/images/mobile-accessories/Apple%20Airpods/thumbnail.png""}]","103774.85","89686.65","33","4","15"
"2","[{""id"": 144, ""title"": ""Cricket Helmet"", ""price"": 44.99, ""quantity"": 4, ""total"": 179.96, ""discountPercentage"": 11.47, ""discountedTotal"": 159.32, ""thumbnail"": ""https://cdn.dummyjson.com/products/images/sports-accessories/Cricket%20Helmet/thumbnail.png""}, {""id"": 124, ""title"": ""iPhone X"", ""price"": 899.99, ""quantity"": 4, ""total"": 3599.96, ""discountPercentage"": 8.03, ""discountedTotal"": 3310.88, ""thumbnail"": ""https://cdn.dummyjson.com/products/images/smartphones/iPhone%20X/thumbnail.png""}, {""id"": 148, ""title"": ""Golf Ball"", ""price"": 9.99, ""quantity"": 4, ""total"": 39.96, ""discountPercentage"": 11.24, ""discountedTotal"": 35.47, ""thumbnail"": ""https://cdn.dummyjson.com/products/images/sports-accessories/Golf%20Ball/thumbnail.png""}, {""id"": 122, ""title"": ""iPhone 6"", ""price"": 299.99, ""quantity"": 3, ""total"": 899.97, ""discountPercentage"": 19.64, ""discountedTotal"": 723.22, ""thumbnail"": ""https://cdn.dummyjson.com/products/images/smartphones/iPhone%206/thumbnail.png""}, {""id"": 110, ""title"": ""Selfie Lamp with iPhone"", ""price"": 14.99, ""quantity"": 5, ""total"": 74.95, ""discountPercentage"": 19.87, ""discountedTotal"": 60.06, ""thumbnail"": ""https://cdn.dummyjson.com/products/images/mobile-accessories/Selfie%20Lamp%20with%20iPhone/thumbnail.png""}]","4794.8","4288.95","142","5","20"
"3","[{""id"": 98, ""title"": ""Rolex Submariner Watch"", ""price"": 13999.99, ""quantity"": 1, ""total"": 13999.99, ""discountPercentage"": 16.35, ""discountedTotal"": 11710.99, ""thumbnail"": ""https://cdn.dummyjson.com/products/images/mens-watches/Rolex%20Submariner%20Watch/thumbnail.png""}, {""id"": 125, ""title"": ""Oppo A57"", ""price"": 249.99, ""quantity"": 5, ""total"": 1249.95, ""discountPercentage"": 16.54, ""discountedTotal"": 1043.21, ""thumbnail"": ""https://cdn.dummyjson.com/products/images/smartphones/Oppo%20A57/thumbnail.png""}, {""id"": 55, ""title"": ""Egg Slicer"", ""price"": 6.99, ""quantity"": 2, ""total"": 13.98, ""discountPercentage"": 16.04, ""discountedTotal"": 11.74, ""thumbnail"": ""https://cdn.dummyjson.com/products/images/kitchen-accessories/Egg%20Slicer/thumbnail.png""}, {""id"": 62, ""title"": ""Ice Cube Tray"", ""price"": 5.99, ""quantity"": 2, ""total"": 11.98, ""discountPercentage"": 8.25, ""discountedTotal"": 10.99, ""thumbnail"": ""https://cdn.dummyjson.com/products/images/kitchen-accessories/Ice%20Cube%20Tray/thumbnail.png""}, {""id"": 132, ""title"": ""Samsung Galaxy S8"", ""price"": 499.99, ""quantity"": 3, ""total"": 1499.97, ""discountPercentage"": 8.84, ""discountedTotal"": 1367.37, ""thumbnail"": ""https://cdn.dummyjson.com/products/images/smartphones/Samsung%20Galaxy%20S8/thumbnail.png""}]","16775.87","14144.3","108","5","13"
"4","[{""id"": 187, ""title"": ""Golden Shoes Woman"", ""price"": 49.99, ""quantity"": 5, ""total"": 249.95000000000002, ""discountPercentage"": 1.64, ""discountedTotal"": 245.85, ""thumbnail"": ""https://cdn.dummyjson.com/products/images/womens-shoes/Golden%20Shoes%20Woman/thumbnail.png""}, {""id"": 40, ""title"": ""Strawberry"", ""price"": 3.99, ""quantity"": 5, ""total"": 19.950000000000003, ""discountPercentage"": 4.6, ""discountedTotal"": 19.03, ""thumbnail"": ""https://cdn.dummyjson.com/products/images/groceries/Strawberry/thumbnail.png""}, {""id"": 156, ""title"": ""Green and Black Glasses"", ""price"": 34.99, ""quantity"": 5, ""total"": 174.95000000000002, ""discountPercentage"": 4.34, ""discountedTotal"": 167.36, ""thumbnail"": ""https://cdn.dummyjson.com/products/images/sunglasses/Green%20and%20Black%20Glasses/thumbnail.png""}, {""id"": 62, ""title"": ""Ice Cube Tray"", ""price"": 5.99, ""quantity"": 2, ""total"": 11.98, ""discountPercentage"": 8.25, ""discountedTotal"": 10.99, ""thumbnail"": ""https://cdn.dummyjson.com/products/images/kitchen-accessories/Ice%20Cube%20Tray/thumbnail.png""}]","456.83","443.23","87","4","17"
"5","[{""id"": 108, ""title"": ""iPhone 12 Silicone Case with MagSafe Plum"", ""price"": 29.99, ""quantity"": 2, ""total"": 59.98, ""discountPercentage"": 14.68, ""discountedTotal"": 51.17, ""thumbnail"": ""https://cdn.dummyjson.com/products/images/mobile-accessories/iPhone%2012%20Silicone%20Case%20with%20MagSafe%20Plum/thumbnail.png""}, {""id"": 138, ""title"": ""Baseball Ball"", ""price"": 8.99, ""quantity"": 5, ""total"": 44.95, ""discountPercentage"": 18.49, ""discountedTotal"": 36.64, ""thumbnail"": ""https://cdn.dummyjson.com/products/images/sports-accessories/Baseball%20Ball/thumbnail.png""}, {""id"": 157, ""title"": ""Party Glasses"", ""price"": 19.99, ""quantity"": 2, ""total"": 39.98, ""discountPercentage"": 19.17, ""discountedTotal"": 32.32, ""thumbnail"": ""https://cdn.dummyjson.com/products/images/sunglasses/Party%20Glasses/thumbnail.png""}, {""id"": 8, ""title"": ""Dior J'adore"", ""price"": 89.99, ""quantity"": 3, ""total"": 269.96999999999997, ""discountPercentage"": 10.79, ""discountedTotal"": 240.84, ""thumbnail"": ""https://cdn.dummyjson.com/products/images/fragrances/Dior%20J'adore/thumbnail.png""}, {""id"": 80, ""title"": ""Huawei Matebook X Pro"", ""price"": 1399.99, ""quantity"": 5, ""total"": 6999.95, ""discountPercentage"": 9.99, ""discountedTotal"": 6300.65, ""thumbnail"": ""https://cdn.dummyjson.com/products/images/laptops/Huawei%20Matebook%20X%20Pro/thumbnail.png""}, {""id"": 28, ""title"": ""Ice Cream"", ""price"": 5.49, ""quantity"": 3, ""total"": 16.47, ""discountPercentage"": 10, ""discountedTotal"": 14.82, ""thumbnail"": ""https://cdn.dummyjson.com/products/images/groceries/Ice%20Cream/thumbnail.png""}]","7431.3","6676.44","134","6","20"
"6","[{""id"": 172, ""title"": ""Blue Women's Handbag"", ""price"": 49.99, ""quantity"": 5, ""total"": 249.95000000000002, ""discountPercentage"": 8.08, ""discountedTotal"": 229.75, ""thumbnail"": ""https://cdn.dummyjson.com/products/images/womens-bags/Blue%20Women's%20Handbag/thumbnail.png""}, {""id"": 112, ""title"": ""TV Studio Camera Pedestal"", ""price"": 499.99, ""quantity"": 3, ""total"": 1499.97, ""discountPercentage"": 15.69, ""discountedTotal"": 1264.62, ""thumbnail"": ""https://cdn.dummyjson.com/products/images/mobile-accessories/TV%20Studio%20Camera%20Pedestal/thumbnail.png""}, {""id"": 97, ""title"": ""Rolex Datejust"", ""price"": 10999.99, ""quantity"": 3, ""total"": 32999.97, ""discountPercentage"": 10.58, ""discountedTotal"": 29508.57, ""thumbnail"": ""https://cdn.dummyjson.com/products/images/mens-watches/Rolex%20Datejust/thumbnail.png""}, {""id"": 128, ""title"": ""Realme C35"", ""price"": 149.99, ""quantity"": 3, ""total"": 449.97, ""discountPercentage"": 3.97, ""discountedTotal"": 432.11, ""thumbnail"": ""https://cdn.dummyjson.com/products/images/smartphones/Realme%20C35/thumbnail.png""}]","35199.86","31435.05","150","4","14"
"7","[{""id"": 167, ""title"": ""300 Touring"", ""price"": 28999.99, ""quantity"": 5, ""total"": 144999.95, ""discountPercentage"": 11.78, ""discountedTotal"": 127918.96, ""thumbnail"": ""https://cdn.dummyjson.com/products/images/vehicle/300%20Touring/thumbnail.png""}, {""id"": 111, ""title"": ""Selfie Stick Monopod"", ""price"": 12.99, ""quantity"": 4, ""total"": 51.96, ""discountPercentage"": 10.98, ""discountedTotal"": 46.25, ""thumbnail"": ""https://cdn.dummyjson.com/products/images/mobile-accessories/Selfie%20Stick%20Monopod/thumbnail.png""}, {""id"": 129, ""title"": ""Realme X"", ""price"": 299.99, ""quantity"": 2, ""total"": 599.98, ""discountPercentage"": 10.13, ""discountedTotal"": 539.2, ""thumbnail"": ""https://cdn.dummyjson.com/products/images/smartphones/Realme%20X/thumbnail.png""}]","145651.89","128504.41","86","3","11"
"8","[{""id"": 117, ""title"": ""Sportbike Motorcycle"", ""price"": 7499.99, ""quantity"": 2, ""total"": 14999.98, ""discountPercentage"": 19.83, ""discountedTotal"": 12025.48, ""thumbnail"": ""https://cdn.dummyjson.com/products/images/motorcycle/Sportbike%20Motorcycle/thumbnail.png""}, {""id"": 18, ""title"": ""Cat Food"", ""price"": 8.99, ""quantity"": 4, ""total"": 35.96, ""discountPercentage"": 1.15, ""discountedTotal"": 35.55, ""thumbnail"": ""https://cdn.dummyjson.com/products/images/groceries/Cat%20Food/thumbnail.png""}, {""id"": 105, ""title"": ""Apple MagSafe Battery Pack"", ""price"": 99.99, ""quantity"": 5, ""total"": 499.95, ""discountPercentage"": 7.14, ""discountedTotal"": 464.25, ""thumbnail"": ""https://cdn.dummyjson.com/products/images/mobile-accessories/Apple%20MagSafe%20Battery%20Pack/thumbnail.png""}, {""id"": 6, ""title"": ""Calvin Klein CK One"", ""price"": 49.99, ""quantity"": 3, ""total"": 149.97, ""discountPercentage"": 5.67, ""discountedTotal"": 141.47, ""thumbnail"": ""https://cdn.dummyjson.com/products/images/fragrances/Calvin%20Klein%20CK%20One/thumbnail.png""}]","15685.86","12666.75","23","4","14"
"9","[{""id"": 178, ""title"": ""Corset Leather With Skirt"", ""price"": 89.99, ""quantity"": 2, ""total"": 179.98, ""discountPercentage"": 12.59, ""discountedTotal"": 157.32, ""thumbnail"": ""https://cdn.dummyjson.com/products/images/womens-dresses/Corset%20Leather%20With%20Skirt/thumbnail.png""}, {""id"": 191, ""title"": ""Rolex Cellini Moonphase"", ""price"": 15999.99, ""quantity"": 4, ""total"": 63999.96, ""discountPercentage"": 3.26, ""discountedTotal"": 61913.56, ""thumbnail"": ""https://cdn.dummyjson.com/products/images/womens-watches/Rolex%20Cellini%20Moonphase/thumbnail.png""}, {""id"": 47, ""title"": ""Table Lamp"", ""price"": 49.99, ""quantity"": 2, ""total"": 99.98, ""discountPercentage"": 13.74, ""discountedTotal"": 86.24, ""thumbnail"": ""https://cdn.dummyjson.com/products/images/home-decoration/Table%20Lamp/thumbnail.png""}, {""id"": 134, ""title"": ""Vivo S1"", ""price"": 249.99, ""quantity"": 5, ""total"": 1249.95, ""discountPercentage"": 5.64, ""discountedTotal"": 1179.45, ""thumbnail"": ""https://cdn.dummyjson.com/products/images/smartphones/Vivo%20S1/thumbnail.png""}]","65529.87","63336.57","194","4","13"
"10","[{""id"": 190, ""title"": ""IWC Ingenieur Automatic Steel"", ""price"": 4999.99, ""quantity"": 5, ""total"": 24999.949999999997, ""discountPercentage"": 12.34, ""discountedTotal"": 21914.96, ""thumbnail"": ""https://cdn.dummyjson.com/products/images/womens-watches/IWC%20Ingenieur%20Automatic%20Steel/thumbnail.png""}, {""id"": 94, ""title"": ""Longines Master Collection"", ""price"": 1499.99, ""quantity"": 3, ""total"": 4499.97, ""discountPercentage"": 16.44, ""discountedTotal"": 3760.17, ""thumbnail"": ""https://cdn.dummyjson.com/products/images/mens-watches/Longines%20Master%20Collection/thumbnail.png""}]","29499.92","25675.13","160","2","8"
"11","[{""id"": 88, ""title"": ""Nike Air Jordan 1 Red And Black"", ""price"": 149.99, ""quantity"": 1, ""total"": 149.99, ""discountPercentage"": 17.18, ""discountedTotal"": 124.22, ""thumbnail"": ""https://cdn.dummyjson.com/products/images/mens-shoes/Nike%20Air%20Jordan%201%20Red%20And%20Black/thumbnail.png""}, {""id"": 32, ""title"": ""Milk"", ""price"": 3.49, ""quantity"": 3, ""total"": 10.47, ""discountPercentage"": 9.36, ""discountedTotal"": 9.49, ""thumbnail"": ""https://cdn.dummyjson.com/products/images/groceries/Milk/thumbnail.png""}, {""id"": 74, ""title"": ""Spoon"", ""price"": 4.99, ""quantity"": 3, ""total"": 14.97, ""discountPercentage"": 2.78, ""discountedTotal"": 14.55, ""thumbnail"": ""https://cdn.dummyjson.com/products/images/kitchen-accessories/Spoon/thumbnail.png""}, {""id"": 145, ""title"": ""Cricket Wicket"", ""price"": 29.99, ""quantity"": 3, ""total"": 89.97, ""discountPercentage"": 17.87, ""discountedTotal"": 73.89, ""thumbnail"": ""https://cdn.dummyjson.com/products/images/sports-accessories/Cricket%20Wicket/thumbnail.png""}, {""id"": 26, ""title"": ""Green Chili Pepper"", ""price"": 0.99, ""quantity"": 3, ""total"": 2.9699999999999998, ""discountPercentage"": 18.69, ""discountedTotal"": 2.41, ""thumbnail"": ""https://cdn.dummyjson.com/products/images/groceries/Green%20Chili%20Pepper/thumbnail.png""}, {""id"": 127, ""title"": ""Oppo K1"", ""price"": 299.99, ""quantity"": 1, ""total"": 299.99, ""discountPercentage"": 15.93, ""discountedTotal"": 252.2, ""thumbnail"": ""https://cdn.dummyjson.com/products/images/smartphones/Oppo%20K1/thumbnail.png""}]","568.36","476.76","172","6","14"
"12","[{""id"": 63, ""title"": ""Kitchen Sieve"", ""price"": 7.99, ""quantity"": 4, ""total"": 31.96, ""discountPercentage"": 18.8, ""discountedTotal"": 25.95, ""thumbnail"": ""https://cdn.dummyjson.com/products/images/kitchen-accessories/Kitchen%20Sieve/thumbnail.png""}, {""id"": 181, ""title"": ""Marni Red & Black Suit"", ""price"": 179.99, ""quantity"": 5, ""total"": 899.95, ""discountPercentage"": 14.21, ""discountedTotal"": 772.07, ""thumbnail"": ""https://cdn.dummyjson.com/products/images/womens-dresses/Marni%20Red%20&%20Black%20Suit/thumbnail.png""}]","931.91","798.02","202","2","9"
"13","[{""id"": 85, ""title"": ""Man Plaid Shirt"", ""price"": 34.99, ""quantity"": 2, ""total"": 69.98, ""discountPercentage"": 3.7, ""discountedTotal"": 67.39, ""thumbnail"": ""https://cdn.dummyjson.com/products/images/mens-shirts/Man%20Plaid%20Shirt/thumbnail.png""}, {""id"": 109, ""title"": ""Monopod"", ""price"": 19.99, ""quantity"": 3, ""total"": 59.97, ""discountPercentage"": 12.95, ""discountedTotal"": 52.2, ""thumbnail"": ""https://cdn.dummyjson.com/products/images/mobile-accessories/Monopod/thumbnail.png""}, {""id"": 160, ""title"": ""Samsung Galaxy Tab S8 Plus Grey"", ""price"": 599.99, ""quantity"": 1, ""total"": 599.99, ""discountPercentage"": 4.31, ""discountedTotal"": 574.13, ""thumbnail"": ""https://cdn.dummyjson.com/products/images/tablets/Samsung%20Galaxy%20Tab%20S8%20Plus%20Grey/thumbnail.png""}, {""id"": 163, ""title"": ""Girl Summer Dress"", ""price"": 19.99, ""quantity"": 3, ""total"": 59.97, ""discountPercentage"": 9.44, ""discountedTotal"": 54.31, ""thumbnail"": ""https://cdn.dummyjson.com/products/images/tops/Girl%20Summer%20Dress/thumbnail.png""}, {""id"": 31, ""title"": ""Lemon"", ""price"": 0.79, ""quantity"": 4, ""total"": 3.16, ""discountPercentage"": 12.32, ""discountedTotal"": 2.77, ""thumbnail"": ""https://cdn.dummyjson.com/products/images/groceries/Lemon/thumbnail.png""}]","793.07","750.8","41","5","13"
"28","[{""id"": 1, ""title"": ""Essence Mascara Lash Princess"", ""price"": 9.99, ""quantity"": 5, ""total"": 49.95, ""discountPercentage"": 0.63, ""discountedTotal"": 49.64, ""thumbnail"": ""https://cdn.dummyjson.com/products/images/beauty/Essence%20Mascara%20Lash%20Princess/thumbnail.png""}, {""id"": 141, ""title"": ""Basketball Rim"", ""price"": 39.99, ""quantity"": 4, ""total"": 159.96, ""discountPercentage"": 14.7, ""discountedTotal"": 136.45, ""thumbnail"": ""https://cdn.dummyjson.com/products/images/sports-accessories/Basketball%20Rim/thumbnail.png""}]","209.91","186.09","147","2","9"
"14","[{""id"": 92, ""title"": ""Sports Sneakers Off White Red"", ""price"": 109.99, ""quantity"": 3, ""total"": 329.96999999999997, ""discountPercentage"": 17.73, ""discountedTotal"": 271.47, ""thumbnail"": ""https://cdn.dummyjson.com/products/images/mens-shoes/Sports%20Sneakers%20Off%20White%20Red/thumbnail.png""}, {""id"": 54, ""title"": ""Citrus Squeezer Yellow"", ""price"": 8.99, ""quantity"": 5, ""total"": 44.95, ""discountPercentage"": 6.3, ""discountedTotal"": 42.12, ""thumbnail"": ""https://cdn.dummyjson.com/products/images/kitchen-accessories/Citrus%20Squeezer%20Yellow/thumbnail.png""}, {""id"": 76, ""title"": ""Wooden Rolling Pin"", ""price"": 11.99, ""quantity"": 1, ""total"": 11.99, ""discountPercentage"": 8.45, ""discountedTotal"": 10.98, ""thumbnail"": ""https://cdn.dummyjson.com/products/images/kitchen-accessories/Wooden%20Rolling%20Pin/thumbnail.png""}, {""id"": 44, ""title"": ""Family Tree Photo Frame"", ""price"": 29.99, ""quantity"": 5, ""total"": 149.95, ""discountPercentage"": 10.68, ""discountedTotal"": 133.94, ""thumbnail"": ""https://cdn.dummyjson.com/products/images/home-decoration/Family%20Tree%20Photo%20Frame/thumbnail.png""}, {""id"": 67, ""title"": ""Mug Tree Stand"", ""price"": 15.99, ""quantity"": 3, ""total"": 47.97, ""discountPercentage"": 16.65, ""discountedTotal"": 39.98, ""thumbnail"": ""https://cdn.dummyjson.com/products/images/kitchen-accessories/Mug%20Tree%20Stand/thumbnail.png""}, {""id"": 16, ""title"": ""Apple"", ""price"": 1.99, ""quantity"": 1, ""total"": 1.99, ""discountPercentage"": 11.74, ""discountedTotal"": 1.76, ""thumbnail"": ""https://cdn.dummyjson.com/products/images/groceries/Apple/thumbnail.png""}]","586.82","500.25","94","6","18"
"15","[{""id"": 11, ""title"": ""Annibale Colombo Bed"", ""price"": 1899.99, ""quantity"": 5, ""total"": 9499.95, ""discountPercentage"": 8.09, ""discountedTotal"": 8731.4, ""thumbnail"": ""https://cdn.dummyjson.com/products/images/furniture/Annibale%20Colombo%20Bed/thumbnail.png""}, {""id"": 133, ""title"": ""Samsung Galaxy S10"", ""price"": 699.99, ""quantity"": 3, ""total"": 2099.9700000000003, ""discountPercentage"": 1.12, ""discountedTotal"": 2076.45, ""thumbnail"": ""https://cdn.dummyjson.com/products/images/smartphones/Samsung%20Galaxy%20S10/thumbnail.png""}, {""id"": 111, ""title"": ""Selfie Stick Monopod"", ""price"": 12.99, ""quantity"": 3, ""total"": 38.97, ""discountPercentage"": 10.98, ""discountedTotal"": 34.69, ""thumbnail"": ""https://cdn.dummyjson.com/products/images/mobile-accessories/Selfie%20Stick%20Monopod/thumbnail.png""}, {""id"": 162, ""title"": ""Blue Frock"", ""price"": 29.99, ""quantity"": 3, ""total"": 89.97, ""discountPercentage"": 3.86, ""discountedTotal"": 86.5, ""thumbnail"": ""https://cdn.dummyjson.com/products/images/tops/Blue%20Frock/thumbnail.png""}, {""id"": 30, ""title"": ""Kiwi"", ""price"": 2.49, ""quantity"": 5, ""total"": 12.450000000000001, ""discountPercentage"": 4.34, ""discountedTotal"": 11.91, ""thumbnail"": ""https://cdn.dummyjson.com/products/images/groceries/Kiwi/thumbnail.png""}]","11741.31","10940.95","11","5","19"
"16","[{""id"": 19, ""title"": ""Chicken Meat"", ""price"": 9.99, ""quantity"": 2, ""total"": 19.98, ""discountPercentage"": 13.37, ""discountedTotal"": 17.31, ""thumbnail"": ""https://cdn.dummyjson.com/products/images/groceries/Chicken%20Meat/thumbnail.png""}, {""id"": 152, ""title"": ""Tennis Racket"", ""price"": 49.99, ""quantity"": 3, ""total"": 149.97, ""discountPercentage"": 9.13, ""discountedTotal"": 136.28, ""thumbnail"": ""https://cdn.dummyjson.com/products/images/sports-accessories/Tennis%20Racket/thumbnail.png""}, {""id"": 35, ""title"": ""Potatoes"", ""price"": 2.29, ""quantity"": 1, ""total"": 2.29, ""discountPercentage"": 1.69, ""discountedTotal"": 2.25, ""thumbnail"": ""https://cdn.dummyjson.com/products/images/groceries/Potatoes/thumbnail.png""}]","172.24","155.84","200","3","6"
"17","[{""id"": 1, ""title"": ""Essence Mascara Lash Princess"", ""price"": 9.99, ""quantity"": 2, ""total"": 19.98, ""discountPercentage"": 0.63, ""discountedTotal"": 19.85, ""thumbnail"": ""https://cdn.dummyjson.com/products/images/beauty/Essence%20Mascara%20Lash%20Princess/thumbnail.png""}, {""id"": 60, ""title"": ""Grater Black"", ""price"": 10.99, ""quantity"": 3, ""total"": 32.97, ""discountPercentage"": 16.62, ""discountedTotal"": 27.49, ""thumbnail"": ""https://cdn.dummyjson.com/products/images/kitchen-accessories/Grater%20Black/thumbnail.png""}, {""id"": 74, ""title"": ""Spoon"", ""price"": 4.99, ""quantity"": 4, ""total"": 19.96, ""discountPercentage"": 2.78, ""discountedTotal"": 19.41, ""thumbnail"": ""https://cdn.dummyjson.com/products/images/kitchen-accessories/Spoon/thumbnail.png""}, {""id"": 44, ""title"": ""Family Tree Photo Frame"", ""price"": 29.99, ""quantity"": 4, ""total"": 119.96, ""discountPercentage"": 10.68, ""discountedTotal"": 107.15, ""thumbnail"": ""https://cdn.dummyjson.com/products/images/home-decoration/Family%20Tree%20Photo%20Frame/thumbnail.png""}]","192.87","173.9","141","4","13"
"18","[{""id"": 127, ""title"": ""Oppo K1"", ""price"": 299.99, ""quantity"": 4, ""total"": 1199.96, ""discountPercentage"": 15.93, ""discountedTotal"": 1008.81, ""thumbnail"": ""https://cdn.dummyjson.com/products/images/smartphones/Oppo%20K1/thumbnail.png""}, {""id"": 24, ""title"": ""Fish Steak"", ""price"": 14.99, ""quantity"": 3, ""total"": 44.97, ""discountPercentage"": 7.66, ""discountedTotal"": 41.53, ""thumbnail"": ""https://cdn.dummyjson.com/products/images/groceries/Fish%20Steak/thumbnail.png""}, {""id"": 20, ""title"": ""Cooking Oil"", ""price"": 4.99, ""quantity"": 5, ""total"": 24.950000000000003, ""discountPercentage"": 12.62, ""discountedTotal"": 21.8, ""thumbnail"": ""https://cdn.dummyjson.com/products/images/groceries/Cooking%20Oil/thumbnail.png""}, {""id"": 154, ""title"": ""Black Sun Glasses"", ""price"": 29.99, ""quantity"": 3, ""total"": 89.97, ""discountPercentage"": 1.11, ""discountedTotal"": 88.97, ""thumbnail"": ""https://cdn.dummyjson.com/products/images/sunglasses/Black%20Sun%20Glasses/thumbnail.png""}, {""id"": 44, ""title"": ""Family Tree Photo Frame"", ""price"": 29.99, ""quantity"": 2, ""total"": 59.98, ""discountPercentage"": 10.68, ""discountedTotal"": 53.57, ""thumbnail"": ""https://cdn.dummyjson.com/products/images/home-decoration/Family%20Tree%20Photo%20Frame/thumbnail.png""}, {""id"": 5, ""title"": ""Red Nail Polish"", ""price"": 8.99, ""quantity"": 5, ""total"": 44.95, ""discountPercentage"": 3.76, ""discountedTotal"": 43.26, ""thumbnail"": ""https://cdn.dummyjson.com/products/images/beauty/Red%20Nail%20Polish/thumbnail.png""}]","1464.78","1257.94","189","6","22"
"19","[{""id"": 187, ""title"": ""Golden Shoes Woman"", ""price"": 49.99, ""quantity"": 3, ""total"": 149.97, ""discountPercentage"": 1.64, ""discountedTotal"": 147.51, ""thumbnail"": ""https://cdn.dummyjson.com/products/images/womens-shoes/Golden%20Shoes%20Woman/thumbnail.png""}, {""id"": 153, ""title"": ""Volleyball"", ""price"": 11.99, ""quantity"": 5, ""total"": 59.95, ""discountPercentage"": 16.05, ""discountedTotal"": 50.33, ""thumbnail"": ""https://cdn.dummyjson.com/products/images/sports-accessories/Volleyball/thumbnail.png""}, {""id"": 34, ""title"": ""Nescafe Coffee"", ""price"": 7.99, ""quantity"": 3, ""total"": 23.97, ""discountPercentage"": 8.31, ""discountedTotal"": 21.98, ""thumbnail"": ""https://cdn.dummyjson.com/products/images/groceries/Nescafe%20Coffee/thumbnail.png""}, {""id"": 130, ""title"": ""Realme XT"", ""price"": 349.99, ""quantity"": 2, ""total"": 699.98, ""discountPercentage"": 17.86, ""discountedTotal"": 574.96, ""thumbnail"": ""https://cdn.dummyjson.com/products/images/smartphones/Realme%20XT/thumbnail.png""}]","933.87","794.78","59","4","13"
"20","[{""id"": 107, ""title"": ""Beats Flex Wireless Earphones"", ""price"": 49.99, ""quantity"": 1, ""total"": 49.99, ""discountPercentage"": 8.79, ""discountedTotal"": 45.6, ""thumbnail"": ""https://cdn.dummyjson.com/products/images/mobile-accessories/Beats%20Flex%20Wireless%20Earphones/thumbnail.png""}, {""id"": 193, ""title"": ""Watch Gold for Women"", ""price"": 799.99, ""quantity"": 3, ""total"": 2399.9700000000003, ""discountPercentage"": 19.53, ""discountedTotal"": 1931.26, ""thumbnail"": ""https://cdn.dummyjson.com/products/images/womens-watches/Watch%20Gold%20for%20Women/thumbnail.png""}, {""id"": 100, ""title"": ""Apple Airpods"", ""price"": 129.99, ""quantity"": 3, ""total"": 389.97, ""discountPercentage"": 12.84, ""discountedTotal"": 339.9, ""thumbnail"": ""https://cdn.dummyjson.com/products/images/mobile-accessories/Apple%20Airpods/thumbnail.png""}, {""id"": 90, ""title"": ""Puma Future Rider Trainers"", ""price"": 89.99, ""quantity"": 5, ""total"": 449.95, ""discountPercentage"": 14.7, ""discountedTotal"": 383.81, ""thumbnail"": ""https://cdn.dummyjson.com/products/images/mens-shoes/Puma%20Future%20Rider%20Trainers/thumbnail.png""}, {""id"": 118, ""title"": ""Attitude Super Leaves Hand Soap"", ""price"": 8.99, ""quantity"": 5, ""total"": 44.95, ""discountPercentage"": 7.23, ""discountedTotal"": 41.7, ""thumbnail"": ""https://cdn.dummyjson.com/products/images/skin-care/Attitude%20Super%20Leaves%20Hand%20Soap/thumbnail.png""}, {""id"": 166, ""title"": ""Tartan Dress"", ""price"": 39.99, ""quantity"": 5, ""total"": 199.95000000000002, ""discountPercentage"": 2.82, ""discountedTotal"": 194.31, ""thumbnail"": ""https://cdn.dummyjson.com/products/images/tops/Tartan%20Dress/thumbnail.png""}]","3534.78","2936.58","90","6","22"
"21","[{""id"": 77, ""title"": ""Yellow Peeler"", ""price"": 5.99, ""quantity"": 2, ""total"": 11.98, ""discountPercentage"": 13.16, ""discountedTotal"": 10.4, ""thumbnail"": ""https://cdn.dummyjson.com/products/images/kitchen-accessories/Yellow%20Peeler/thumbnail.png""}, {""id"": 91, ""title"": ""Sports Sneakers Off White & Red"", ""price"": 119.99, ""quantity"": 2, ""total"": 239.98, ""discountPercentage"": 1.96, ""discountedTotal"": 235.28, ""thumbnail"": ""https://cdn.dummyjson.com/products/images/mens-shoes/Sports%20Sneakers%20Off%20White%20&%20Red/thumbnail.png""}]","251.96","245.68","42","2","4"
"22","[{""id"": 73, ""title"": ""Spice Rack"", ""price"": 19.99, ""quantity"": 5, ""total"": 99.94999999999999, ""discountPercentage"": 8.74, ""discountedTotal"": 91.21, ""thumbnail"": ""https://cdn.dummyjson.com/products/images/kitchen-accessories/Spice%20Rack/thumbnail.png""}, {""id"": 2, ""title"": ""Eyeshadow Palette with Mirror"", ""price"": 19.99, ""quantity"": 2, ""total"": 39.98, ""discountPercentage"": 0.7, ""discountedTotal"": 39.7, ""thumbnail"": ""https://cdn.dummyjson.com/products/images/beauty/Eyeshadow%20Palette%20with%20Mirror/thumbnail.png""}, {""id"": 69, ""title"": ""Plate"", ""price"": 3.99, ""quantity"": 2, ""total"": 7.98, ""discountPercentage"": 16, ""discountedTotal"": 6.7, ""thumbnail"": ""https://cdn.dummyjson.com/products/images/kitchen-accessories/Plate/thumbnail.png""}, {""id"": 155, ""title"": ""Classic Sun Glasses"", ""price"": 24.99, ""quantity"": 3, ""total"": 74.97, ""discountPercentage"": 9.27, ""discountedTotal"": 68.02, ""thumbnail"": ""https://cdn.dummyjson.com/products/images/sunglasses/Classic%20Sun%20Glasses/thumbnail.png""}]","222.88","205.63","140","4","12"
"23","[{""id"": 82, ""title"": ""New DELL XPS 13 9300 Laptop"", ""price"": 1499.99, ""quantity"": 5, ""total"": 7499.95, ""discountPercentage"": 3.9, ""discountedTotal"": 7207.45, ""thumbnail"": ""https://cdn.dummyjson.com/products/images/laptops/New%20DELL%20XPS%2013%209300%20Laptop/thumbnail.png""}, {""id"": 172, ""title"": ""Blue Women's Handbag"", ""price"": 49.99, ""quantity"": 4, ""total"": 199.96, ""discountPercentage"": 8.08, ""discountedTotal"": 183.8, ""thumbnail"": ""https://cdn.dummyjson.com/products/images/womens-bags/Blue%20Women's%20Handbag/thumbnail.png""}, {""id"": 41, ""title"": ""Tissue Paper Box"", ""price"": 2.49, ""quantity"": 2, ""total"": 4.98, ""discountPercentage"": 2.74, ""discountedTotal"": 4.84, ""thumbnail"": ""https://cdn.dummyjson.com/products/images/groceries/Tissue%20Paper%20Box/thumbnail.png""}, {""id"": 37, ""title"": ""Red Onions"", ""price"": 1.99, ""quantity"": 4, ""total"": 7.96, ""discountPercentage"": 8.95, ""discountedTotal"": 7.25, ""thumbnail"": ""https://cdn.dummyjson.com/products/images/groceries/Red%20Onions/thumbnail.png""}, {""id"": 138, ""title"": ""Baseball Ball"", ""price"": 8.99, ""quantity"": 5, ""total"": 44.95, ""discountPercentage"": 18.49, ""discountedTotal"": 36.64, ""thumbnail"": ""https://cdn.dummyjson.com/products/images/sports-accessories/Baseball%20Ball/thumbnail.png""}]","7757.8","7439.98","147","5","20"
"24","[{""id"": 108, ""title"": ""iPhone 12 Silicone Case with MagSafe Plum"", ""price"": 29.99, ""quantity"": 5, ""total"": 149.95, ""discountPercentage"": 14.68, ""discountedTotal"": 127.94, ""thumbnail"": ""https://cdn.dummyjson.com/products/images/mobile-accessories/iPhone%2012%20Silicone%20Case%20with%20MagSafe%20Plum/thumbnail.png""}, {""id"": 134, ""title"": ""Vivo S1"", ""price"": 249.99, ""quantity"": 4, ""total"": 999.96, ""discountPercentage"": 5.64, ""discountedTotal"": 943.56, ""thumbnail"": ""https://cdn.dummyjson.com/products/images/smartphones/Vivo%20S1/thumbnail.png""}, {""id"": 174, ""title"": ""Prada Women Bag"", ""price"": 599.99, ""quantity"": 1, ""total"": 599.99, ""discountPercentage"": 12.86, ""discountedTotal"": 522.83, ""thumbnail"": ""https://cdn.dummyjson.com/products/images/womens-bags/Prada%20Women%20Bag/thumbnail.png""}]","1749.9","1594.33","6","3","10"
"25","[{""id"": 4, ""title"": ""Red Lipstick"", ""price"": 12.99, ""quantity"": 1, ""total"": 12.99, ""discountPercentage"": 14.69, ""discountedTotal"": 11.08, ""thumbnail"": ""https://cdn.dummyjson.com/products/images/beauty/Red%20Lipstick/thumbnail.png""}, {""id"": 126, ""title"": ""Oppo F19 Pro+"", ""price"": 399.99, ""quantity"": 1, ""total"": 399.99, ""discountPercentage"": 14.38, ""discountedTotal"": 342.47, ""thumbnail"": ""https://cdn.dummyjson.com/products/images/smartphones/Oppo%20F19%20Pro+/thumbnail.png""}]","412.98","353.55","118","2","2"
"26","[{""id"": 37, ""title"": ""Red Onions"", ""price"": 1.99, ""quantity"": 5, ""total"": 9.95, ""discountPercentage"": 8.95, ""discountedTotal"": 9.06, ""thumbnail"": ""https://cdn.dummyjson.com/products/images/groceries/Red%20Onions/thumbnail.png""}, {""id"": 128, ""title"": ""Realme C35"", ""price"": 149.99, ""quantity"": 3, ""total"": 449.97, ""discountPercentage"": 3.97, ""discountedTotal"": 432.11, ""thumbnail"": ""https://cdn.dummyjson.com/products/images/smartphones/Realme%20C35/thumbnail.png""}]","459.92","441.17","66","2","8"
"27","[{""id"": 33, ""title"": ""Mulberry"", ""price"": 4.99, ""quantity"": 1, ""total"": 4.99, ""discountPercentage"": 2.75, ""discountedTotal"": 4.85, ""thumbnail"": ""https://cdn.dummyjson.com/products/images/groceries/Mulberry/thumbnail.png""}, {""id"": 110, ""title"": ""Selfie Lamp with iPhone"", ""price"": 14.99, ""quantity"": 2, ""total"": 29.98, ""discountPercentage"": 19.87, ""discountedTotal"": 24.02, ""thumbnail"": ""https://cdn.dummyjson.com/products/images/mobile-accessories/Selfie%20Lamp%20with%20iPhone/thumbnail.png""}, {""id"": 16, ""title"": ""Apple"", ""price"": 1.99, ""quantity"": 3, ""total"": 5.97, ""discountPercentage"": 11.74, ""discountedTotal"": 5.27, ""thumbnail"": ""https://cdn.dummyjson.com/products/images/groceries/Apple/thumbnail.png""}, {""id"": 83, ""title"": ""Blue & Black Check Shirt"", ""price"": 29.99, ""quantity"": 5, ""total"": 149.95, ""discountPercentage"": 8.76, ""discountedTotal"": 136.81, ""thumbnail"": ""https://cdn.dummyjson.com/products/images/mens-shirts/Blue%20&%20Black%20Check%20Shirt/thumbnail.png""}]","190.89","170.95","75","4","11"
"29","[{""id"": 80, ""title"": ""Huawei Matebook X Pro"", ""price"": 1399.99, ""quantity"": 2, ""total"": 2799.98, ""discountPercentage"": 9.99, ""discountedTotal"": 2520.26, ""thumbnail"": ""https://cdn.dummyjson.com/products/images/laptops/Huawei%20Matebook%20X%20Pro/thumbnail.png""}, {""id"": 107, ""title"": ""Beats Flex Wireless Earphones"", ""price"": 49.99, ""quantity"": 4, ""total"": 199.96, ""discountPercentage"": 8.79, ""discountedTotal"": 182.38, ""thumbnail"": ""https://cdn.dummyjson.com/products/images/mobile-accessories/Beats%20Flex%20Wireless%20Earphones/thumbnail.png""}, {""id"": 25, ""title"": ""Green Bell Pepper"", ""price"": 1.29, ""quantity"": 2, ""total"": 2.58, ""discountPercentage"": 1.2, ""discountedTotal"": 2.55, ""thumbnail"": ""https://cdn.dummyjson.com/products/images/groceries/Green%20Bell%20Pepper/thumbnail.png""}, {""id"": 121, ""title"": ""iPhone 5s"", ""price"": 199.99, ""quantity"": 4, ""total"": 799.96, ""discountPercentage"": 8.38, ""discountedTotal"": 732.92, ""thumbnail"": ""https://cdn.dummyjson.com/products/images/smartphones/iPhone%205s/thumbnail.png""}, {""id"": 153, ""title"": ""Volleyball"", ""price"": 11.99, ""quantity"": 5, ""total"": 59.95, ""discountPercentage"": 16.05, ""discountedTotal"": 50.33, ""thumbnail"": ""https://cdn.dummyjson.com/products/images/sports-accessories/Volleyball/thumbnail.png""}]","3862.43","3488.44","170","5","17"
"30","[{""id"": 181, ""title"": ""Marni Red & Black Suit"", ""price"": 179.99, ""quantity"": 1, ""total"": 179.99, ""discountPercentage"": 14.21, ""discountedTotal"": 154.41, ""thumbnail"": ""https://cdn.dummyjson.com/products/images/womens-dresses/Marni%20Red%20&%20Black%20Suit/thumbnail.png""}, {""id"": 171, ""title"": ""Pacifica Touring"", ""price"": 31999.99, ""quantity"": 4, ""total"": 127999.96, ""discountPercentage"": 7.4, ""discountedTotal"": 118527.96, ""thumbnail"": ""https://cdn.dummyjson.com/products/images/vehicle/Pacifica%20Touring/thumbnail.png""}, {""id"": 35, ""title"": ""Potatoes"", ""price"": 2.29, ""quantity"": 4, ""total"": 9.16, ""discountPercentage"": 1.69, ""discountedTotal"": 9.01, ""thumbnail"": ""https://cdn.dummyjson.com/products/images/groceries/Potatoes/thumbnail.png""}, {""id"": 46, ""title"": ""Plant Pot"", ""price"": 14.99, ""quantity"": 4, ""total"": 59.96, ""discountPercentage"": 17.65, ""discountedTotal"": 49.38, ""thumbnail"": ""https://cdn.dummyjson.com/products/images/home-decoration/Plant%20Pot/thumbnail.png""}]","128249.07","118740.76","177","4","13"
