"id","body","postId","likes","user.id","user.username","user.fullName","sentiment"
"1","This is some awesome thinking!","242","3","105","emmac","Emma Wilson","Neutral"
"2","What terrific math skills you're showing!","46","4","183","cameronp","Cameron Perez","Neutral"
"3","You are an amazing writer!","235","2","1","emilys","Emily Johnson","Neutral"
"4","Wow! You have improved so much!","31","1","89","braydenf","Brayden Fleming","Neutral"
"5","Nice idea!","212","1","149","wyattp","Wyatt Perry","Neutral"
"6","You are showing excellent understanding!","184","5","110","danielt","Daniel Taylor","Neutral"
"7","This is clear, concise, and complete!","172","1","4","jamesd","James Davis","Neutral"
"8","What a powerful argument!","233","0","145","lukec","Luke Cooper","Neutral"
"9","I knew you could do it!","207","3","207","jaces","Jace Smith","Neutral"
"10","Wonderful ideas!","87","0","86","noram","Nora Mills","Neutral"
"11","It was a pleasure to grade this!","156","8","162","mateob","Mateo Bennett","Neutral"
"12","Keep up the incredible work!","119","10","90","scarlettb","Scarlett Bowman","Neutral"
"13","My goodness, how impressive!","108","10","87","hunterg","Hunter Gordon","Positive"
"14","You're showing inventive ideas!","20","8","77","jonathanp","Jonathan Pierce","Neutral"
"15","You've shown so much growth!","6","2","17","evelyns","Evelyn Sanchez","Neutral"
"16","Interesting thoughts!","14","5","199","viviang","Vivian Carter","Neutral"
"17","I love your neat work!","240","7","155","nicholase","Nicholas Edwards","Neutral"
"18","Doesn't it feel good to do such great work?","227","6","134","noramx","Nora Russell","Positive"
"19","First-rate work!","245","1","203","novab","Nova Cooper","Neutral"
"20","This is fascinating information!","176","4","39","lucasg","Lucas Gray","Neutral"
"21","You inspire me!","229","0","113","miam","Mia Miller","Neutral"
"22","This is right on target!","9","5","113","miam","Mia Miller","Neutral"
"23","What an astounding observation!","33","1","155","nicholase","Nicholas Edwards","Neutral"
"24","This is very well thought out!","121","1","169","jaxonb","Jaxon Barnes","Neutral"
"25","I can tell you've been practicing!","247","9","160","claires","Claire Foster","Neutral"
"26","You've come a long way!","79","7","59","ethanf","Ethan Fletcher","Neutral"
"27","I can tell you've been paying attention!","55","9","57","nathand","Nathan Dixon","Neutral"
"28","Reading this made my day!","209","8","177","xavierw","Xavier Wright","Neutral"
"29","This is very perceptive!","31","2","168","lunah","Luna Perez","Neutral"
"30","What an accomplishment!","126","8","89","braydenf","Brayden Fleming","Neutral"
